mean_r,mean_g,mean_b,std_r,std_g,std_b,brightness
0.7879710477941944,0.5998523454520943,0.7983123978758931,0.14489121198393606,0.22281082664443225,0.12951173092680948,0.7287119303740015
0.5089775667211314,0.3011850660402994,0.661488119553419,0.21518769889300163,0.20317056474643272,0.15985437608534928,0.49055025077160497
0.6211924700435962,0.42587869349128665,0.7079248366013658,0.20003976610118548,0.19711933319934472,0.15686079834372216,0.5849986667120552
0.8572235838780776,0.7820431644880833,0.8561827682462717,0.10500651416561006,0.15728522820551508,0.10968503843200601,0.8318165055374004
0.8755204078159513,0.7653671364379622,0.8661241319444923,0.12599976216173267,0.1969990979333573,0.13108942478224903,0.8356705587327524
0.5569108285675625,0.39957448257080513,0.5374400020425053,0.25176341134655406,0.25944120296562806,0.22042010684493718,0.4979751043936093
0.652842030909625,0.5126829724945587,0.6301240808823914,0.2286947278290694,0.23814962428677194,0.206876780379218,0.5985496947621641
0.6407484000544846,0.4593460648148064,0.5955967456427106,0.2334004059332857,0.22851295641972297,0.20224636056109094,0.5652304035039942
0.8995472494553961,0.8257961431100997,0.9035577512255443,0.09007230817167969,0.14418300506693868,0.0904494851293638,0.8763003812636166
0.6100605085784365,0.46955507897603393,0.5838528901143871,0.25991307050324836,0.2794579566471997,0.24977142346152054,0.5544894925562818
0.8499680861928502,0.737404258578458,0.7898990672658279,0.16519840620818654,0.22539541391448037,0.1932316195420949,0.7924238040123457
0.7990425857843984,0.5827350558279047,0.6883940121187976,0.12614543569703465,0.15028415726449496,0.13206466795328917,0.6900572179103122
0.7584273726852504,0.5589052287581526,0.6519816346677776,0.18246094463805168,0.2076952534662302,0.1791548576832472,0.6564380787037036
0.9247455405773661,0.872129033905271,0.8896977975218336,0.10920734930961438,0.16151697488718006,0.12975255653528525,0.8955241240014524
0.8827397365196841,0.8524118327887552,0.8875842524510544,0.07728994954906811,0.1086566452460543,0.07487267050335743,0.8742452739197533
0.7584482230392404,0.768394267429223,0.8529926640795742,0.28348928477933527,0.25454839672105656,0.16400681573259826,0.7932783848493101
0.7422555827887347,0.5069350830610045,0.7819861451525851,0.18317071883469585,0.20159710573530945,0.143225754838408,0.6770589370007261
0.5243421500544722,0.34448146446078054,0.6782956324891565,0.22485923728360033,0.2144459268846311,0.16931808615353194,0.5157064156681191
0.8319176368464639,0.7151292721950322,0.7789185900055072,0.1777039615125451,0.22583557041677463,0.18367388491710654,0.7753218330156136
0.7690950946351285,0.6326393144063416,0.7247761778322909,0.1969137976251022,0.22882543564190358,0.1962978776036509,0.7088368622912128
0.8803849230665394,0.8818840209695846,0.8835380072168636,0.030416853431321902,0.05117295528160041,0.03312753344238634,0.8819356504175746
0.7482158054194422,0.5610455814270369,0.6655998944717233,0.19515352312847092,0.21253251192615627,0.18547724293200657,0.6582870937726942
0.47102268858932805,0.30162377450979583,0.6179440699891272,0.21108315904122893,0.20082319202169507,0.16917072916869919,0.4635301776960784
0.68782722290311,0.5208150360838834,0.756125748910764,0.15791822300124508,0.1758295149728301,0.12728116107434642,0.6549226692992013
0.4121680964052324,0.2601311444716714,0.4147054568355252,0.21812078621791195,0.21224022486869085,0.1996640534313722,0.36233489923747275
0.7770037615741329,0.5906722324346557,0.6875514876089701,0.1750049518711227,0.22009894950584485,0.18948435986532466,0.6850758272058823
0.6950746357571148,0.5117034313725517,0.6219818048747543,0.23722530439897802,0.25559273855746834,0.22442208074829129,0.6095866240014524
0.7299704690904468,0.5959997106481671,0.6847434980937164,0.23309353988308518,0.25727044171990043,0.22402224216998276,0.670237892610748
0.791956444035993,0.6494859749455667,0.7308278867102895,0.20463633466798906,0.2468953155472195,0.20346906978654142,0.7240901018972404
0.5994072542211676,0.38003429670479005,0.5242638548475074,0.2132652893152184,0.19741343365654315,0.1818640881663174,0.5012351352578068
0.6172321793300836,0.41483183551198494,0.5452359068627454,0.2234511806951219,0.22481223599595257,0.2035015948363344,0.5257666405682643
0.8689261642157655,0.8212545955883088,0.8684763922931068,0.06810019759191067,0.10944978275256156,0.06824612885596086,0.85288571736565
0.9454350490196202,0.9299181304466487,0.9321240127995911,0.05866086944337775,0.08485900295662312,0.06817196819979278,0.9358257307552651
0.7545853758170412,0.5995795887799839,0.6964779922386137,0.2221922735546435,0.23235305637710738,0.2008847476498974,0.6835476522785039
0.5876685049019791,0.4041262425108849,0.5325414453976145,0.24804656032581837,0.2505793403427393,0.22559856673766873,0.5081120642701525
0.812969345724466,0.6214426742919684,0.7158645663126956,0.1292617367756216,0.16182185692553452,0.13598646345502197,0.7167588621096587
0.854078159041477,0.8109647331155573,0.861303870506617,0.07483973749693748,0.0946648187982634,0.07285287245916575,0.8421155875544664
0.5467779820261504,0.36171194172112603,0.5028207550381332,0.20999973020499216,0.2014363465224923,0.18142172669216053,0.4704368929284677
0.5872736247276765,0.3861940870098023,0.5234009055010865,0.23678555193544118,0.23173533238891528,0.210829085689623,0.4989562057461874
0.5682751225490255,0.37523956631263317,0.510851119961881,0.23551861145033534,0.23278698316919635,0.21058161385915394,0.4847886029411765
0.6314257386982653,0.4982885688997762,0.622679653458618,0.25503191768144073,0.2633851880588186,0.2316348734290422,0.5841313203522149
0.4679393892973888,0.3171453737745007,0.45650786356210216,0.22746010054477864,0.22704655598948412,0.20882095042996843,0.41386420887799563
0.5302832244008703,0.34393297249454546,0.4861923849400842,0.2424223121021229,0.23327771823572813,0.21016330308823236,0.45346952727850404
0.9246259701797648,0.8681564031863173,0.8880493430011405,0.1170653526028397,0.19752033587798615,0.15996148519508727,0.8936105721223676
0.8831618498094114,0.8087239583333717,0.8420721847767391,0.14691180967127093,0.20822052188271123,0.1650474375551068,0.8446526643064635
0.7857996323530008,0.6285637084695218,0.6993013003813063,0.17954456469957142,0.2352108610882911,0.19555099715044805,0.7045548804012346
0.571312040441188,0.39633842252178664,0.6235677083333684,0.20972406039335792,0.20030827295193734,0.1671958167406619,0.5304060570987654
0.5699954895152479,0.4267088779956354,0.5378136063453148,0.25697194489448993,0.2645019651126639,0.2391355358381352,0.5115059912854031
0.9345447814542739,0.9012744247004911,0.9358179296024277,0.03617043089245982,0.07282937335780117,0.04013366724113678,0.9238790452523603
0.4942648760893229,0.2825120846949804,0.6033369076797489,0.23953682360765682,0.20837342952643328,0.18382970737777393,0.46003795615468407
0.7495978860294732,0.5299649373638374,0.789248876634066,0.179242634122925,0.19872748691981876,0.13563413110267347,0.6896039000090778
0.5090256501906338,0.26621434163943003,0.61970060593685,0.21842867648649733,0.17972486017346206,0.160865903340568,0.46498019925562817
0.8233158020153326,0.7065789249728206,0.8100324244281927,0.11344627693281661,0.19016443057798443,0.11735426976419468,0.7799757171387074
0.6767684504357572,0.5672909007352964,0.6709835409858721,0.2646568545219406,0.29851453291051877,0.2433947671201932,0.6383476307189542
0.4807227839052305,0.2752182904411702,0.6323269846133216,0.20310169336451697,0.1847100274168709,0.16104470166758025,0.4627560196532317
0.5202473958333315,0.2610630276416113,0.6306398080066025,0.17642242671554142,0.13686018031225317,0.11810467976076697,0.4706500771604938
0.6386965550109134,0.5047581358932425,0.611283020152525,0.2233028862452164,0.23574722127113948,0.20675261751135554,0.584912570352215
0.6358098447712865,0.39715754357299893,0.6926696112473361,0.17237654376915834,0.18331836069650506,0.1229265864323884,0.5752123331971677
0.8544143178105383,0.8159764773966076,0.8626131876362673,0.06967200671764315,0.09916203715459238,0.06210616942377603,0.8443346609477126
0.6574512357026383,0.4930410879629691,0.5913934844771463,0.2561559153663156,0.27553680660938346,0.2445464066594297,0.5806286027142339
0.3348332822712505,0.15723337077886637,0.29863706767429654,0.15004926701327886,0.12747981203933706,0.12442448896834281,0.26356790690813364
0.8651428887528089,0.7940457346133606,0.8587422555828783,0.09482094878571591,0.15333167881759976,0.10224136285054657,0.8393102929829341
0.835064338235376,0.6496370336329519,0.746021837554552,0.11423362862017183,0.1308127443183363,0.11809229744516904,0.743574403140886
0.7945138037854632,0.611271531181935,0.7000948903867539,0.17562912102651662,0.21479210807467292,0.18509680937633993,0.7019600751180101
0.5056534245642632,0.32797691993462896,0.4749217047930313,0.22475023409586936,0.2069782125576204,0.18694848512286305,0.43618401643064636
0.8465626702070081,0.7302564168028579,0.7927172691993818,0.1741160404295308,0.24517807604630001,0.1937110575367027,0.7898454520697169
0.5526799087690937,0.39596864787582964,0.68374480868743,0.2170001431375857,0.20342424742647144,0.16041505969858205,0.5441311217774147
0.5778905398965174,0.39533845656317435,0.6828014365468807,0.24428845976407065,0.24527223814287552,0.18954493752064838,0.5520101443355121
0.6902416087963619,0.44156369144881835,0.7395709933279648,0.12623877395428706,0.12995961376187587,0.09742759541428123,0.6237920978576615
0.7215652233115827,0.5694035947712579,0.6687895731209418,0.21331052403971776,0.23819633594984116,0.20239368815666933,0.6532527970679013
0.7818235974946086,0.6067380684913091,0.7047496255447185,0.18186981970541347,0.20174706637914347,0.17534006014716322,0.6977704305101672
0.7425534449891731,0.58625578703704,0.6810236247277192,0.1880767209668724,0.23150917834966628,0.18825120176885518,0.6699442855846043
0.6148931100217898,0.4259829452614361,0.71372719226586,0.17963279062990598,0.17375269359553464,0.13396607819318554,0.5848677491830064
0.3689670138888846,0.19610949414487464,0.3437874455337681,0.21177633204819832,0.17434633067792804,0.16980488669308122,0.3029546511891794
0.5537326388888841,0.32749651075708647,0.6629050925926389,0.15468110851020586,0.13423295077596803,0.11606176958607577,0.5147114140795206
0.6832975898693276,0.45942691312635886,0.5723924291939233,0.20761279358359228,0.21416301231823187,0.1894163592937763,0.5717056440631809
0.8430653424564909,0.7282909517974471,0.7957563146787179,0.1495463850215792,0.1698966106401904,0.14961127322685802,0.7890375363108206
0.6333763105937044,0.4987391918573069,0.607799308959718,0.2528018088029575,0.27195917555701954,0.24065209150262837,0.5799716038035585
0.6170785675381352,0.412514893110022,0.5444372106481443,0.225398651754629,0.22290749174035981,0.20145108721288563,0.5246768904320988
0.8185040509260059,0.6065572235839098,0.7034237132353636,0.12433323893007028,0.16041437847606155,0.13955879067679428,0.7094949959150327
0.755309606481542,0.5873063895697266,0.6721371187364187,0.18599925383055804,0.22952800666212345,0.1936504526614703,0.6715843715958606
0.740406284041434,0.5834588609749555,0.6779284109477461,0.22287997424898814,0.25759365706043547,0.21545834133356154,0.6672645186546841
0.9412071078431514,0.9206673815359738,0.9311219192538357,0.08481227839297223,0.11171240162819823,0.09239329523281549,0.9309988028776325
0.6824278322440342,0.524760008169937,0.639970128676488,0.23396758161444944,0.2490168687166781,0.22272306468060699,0.615719323030138
0.6661854064542911,0.49079520697167933,0.7517837690632595,0.14753801626201848,0.15403803984588293,0.1188137251294055,0.6362547941630358
0.4671300551470668,0.3030130889161175,0.6349090243736685,0.19829421165275155,0.18370591462910205,0.15034906397070533,0.46835072281227297
0.8560776654412531,0.8064572269881026,0.8680776824619509,0.07915324541697343,0.12012804714516644,0.07637295010029087,0.8435375249636894
0.5989281215959035,0.32228902845861007,0.6723660471133549,0.16839087786123472,0.16484793374634021,0.12406460655422571,0.5311943990559187
0.7823235804739348,0.5929308789488139,0.7029467081972302,0.14717957258666609,0.17137281648414382,0.14637435163863835,0.6927337225399419
0.5810423474945651,0.37337835307733225,0.5040577342047893,0.24501038962369615,0.23649394955977054,0.22131684501685372,0.48615947825889616
0.897563487200492,0.8132033803104912,0.8460363051471118,0.1249524823616032,0.21253444945310562,0.17545778927563457,0.8522677242193174
0.9288381672113558,0.9100677423747925,0.9332452512255358,0.007963154407123803,0.00898602657489315,0.008110110893449938,0.9240503869371823
0.6808380991285871,0.4515990944989071,0.5675679125817241,0.20950476768758958,0.21639084284941376,0.19348512825167064,0.5666683687363835
0.6393663194444601,0.4386965550108901,0.5576639944172175,0.2513588718214651,0.2682772066063297,0.24135803338555176,0.545242289624183
0.8908092490469115,0.7630723209423521,0.8111234511166581,0.09802911923256072,0.13922756329715294,0.11602009506073845,0.821668340368555
0.5359396275871453,0.3804917279411627,0.5222681781045772,0.27155173617004214,0.2678314549536379,0.24149779803002963,0.4795665112109659
0.5481800619553464,0.4105945329520619,0.5439402062908596,0.24188699500159125,0.2437410741666604,0.21702056076570622,0.5009049337327524
0.6041849639161424,0.3917190053104704,0.6996000136166303,0.16573285544495003,0.16984185947361413,0.1384728975649463,0.5651679942810458
0.684937534041436,0.5162539147603566,0.6224851919934936,0.21741512715809255,0.24747891442519046,0.2138347872748525,0.6078922135984023
0.6369446997549083,0.42637271922658565,0.6913194444445014,0.20065588313393795,0.1933498933653412,0.13828319576103482,0.5848789544753087
0.9236664283769416,0.865722017973928,0.9180019403595262,0.055535919455579286,0.08692473781326632,0.05775508949937727,0.9024634622367466
0.576035709422674,0.32042781522331,0.6602264603758804,0.1796605067917221,0.18846442468550298,0.1288612475764166,0.5188966616739288
0.6544185729847801,0.4465830950435809,0.697186478758223,0.2228441741155577,0.2302912287281307,0.18291892632245108,0.5993960489288308
0.8552287581700168,0.7680815121187811,0.8536471098857037,0.09455955553126513,0.18109063457041835,0.10237121558712906,0.8256524600580974
0.6426253574346557,0.526634837962969,0.62929176879087,0.2970702377597497,0.3172620390882858,0.27129085561223115,0.599517321396151
0.8410892395153127,0.7177491830065716,0.849181304466297,0.15769122811942166,0.23350617867930612,0.1455982200353936,0.8026732423293391
0.7661045581427643,0.5630408326524946,0.6551717388344522,0.1820647280250279,0.20902992757730346,0.18430179425161064,0.6614390432098766
0.7172721779684695,0.47689610566448626,0.7277356515523636,0.17608682126349104,0.15477440111947954,0.1300388598919019,0.6406346450617284
0.5008986928104653,0.28332184436274177,0.43163083809913694,0.21364361120476288,0.18697667162006756,0.17240753034231057,0.40528379175744367
0.8588469328704293,0.7946567776416655,0.834000119144941,0.15910138916453115,0.19687090424683584,0.16790457809509127,0.8291679432189544
0.7739676947168433,0.6001404207516644,0.7059274577887317,0.16727075722074888,0.18526295627033168,0.16506796836856066,0.6933451910856934
0.7737306815087736,0.6961452376089725,0.8184887322985527,0.1918443057779134,0.24907306761722786,0.13681949952745007,0.7627882171387074
0.7034820091231225,0.5753144573801859,0.6731783598856544,0.2366334452554898,0.25758926795640924,0.21678716683287222,0.6506582754629631
0.5669900599128614,0.3849996595860538,0.5344503165849659,0.23221340614234015,0.23067867257781577,0.20197247256472853,0.4954800120279593
0.6785462622549435,0.44579801538670566,0.5788071044390157,0.18718896451232678,0.17860331273739286,0.16018120722637597,0.5677171273602033
0.7179474741285689,0.5208750340414011,0.6195201865468554,0.25118848336630784,0.29033743570475173,0.2515372666705757,0.6194475649055918
0.797701354847566,0.5186593647875779,0.7999621289488847,0.14415571046172831,0.16471312049687195,0.12385610231408063,0.7054409495279593
0.46036177491829783,0.2875297862200386,0.616966656454268,0.23226018143090332,0.2041469753176997,0.17902555850684662,0.4549527391975308
0.8476498672386312,0.7500093613835017,0.7941997719227298,0.12687942464829408,0.1691355693842106,0.1374927301086149,0.7972863335148874
0.5574031522331413,0.34012459150327484,0.669932938453215,0.21137646322720902,0.18051009272916016,0.1516707090279924,0.5224868940631808
0.763226358251697,0.539260791122016,0.643072576252769,0.17645351566035175,0.19150641698381582,0.17532080828083593,0.6485199085421206
0.8499893620643388,0.7273565155229436,0.7975188078704483,0.13623605739249967,0.17216003855081227,0.14662046425599018,0.7916215618191721
0.5224213643790869,0.32668547453703556,0.6514403764978581,0.1916266844674236,0.16657269006862152,0.14357203416177475,0.5001824051379811
0.7441333912037753,0.5042424087690618,0.7598856209151187,0.14278828615097253,0.1422914990956901,0.11773600089753038,0.6694204736292664
0.6018863187636304,0.4163977396514126,0.5471754153050099,0.23157541991013084,0.23248145376891438,0.20442333948790684,0.5218198245733477
0.34729583673746844,0.19163730596404505,0.3244744859749406,0.20690190648256132,0.19131945745510198,0.1814822062248239,0.28780254289215684
0.6049713201252946,0.4132991217320201,0.5445274203431445,0.20420825838676404,0.2018476354547396,0.17732930122107649,0.5209326207334786
0.6939614821623498,0.4944908258442231,0.7586980017702134,0.22768712410553837,0.24135376504429482,0.17666574817561895,0.6490501032588961
0.734160964733147,0.6190367987472993,0.7055525769335853,0.2483122795772138,0.272904350902922,0.2404342425723976,0.6862501134713145
0.6902684163943855,0.3936125578703821,0.7084473720044131,0.1884844950703338,0.22436107670308897,0.13969530646552908,0.5974427820896877
0.6070669934640867,0.39250195738018095,0.6955337690632543,0.2081180123668582,0.17812335768054233,0.14710534067205844,0.5650342399691358
0.5330052593954244,0.34423891952613833,0.48829146241829924,0.23784881568396474,0.22315398678105824,0.20637813670290006,0.45517854711328976
0.7859851579521492,0.6367055589597301,0.8138110191994321,0.1560696384507537,0.2138582773482981,0.12569614782717395,0.7455005787037037
0.8083073767702202,0.6257901858660397,0.831990825844303,0.15660826992551735,0.1939253988029563,0.13135824526108916,0.7553627961601307
0.9284330746187569,0.8717035164760795,0.8963456563181332,0.0980355050892964,0.14756026978200174,0.11363779397261622,0.8988274158042847
0.754593886165648,0.5209563078703765,0.7519688691449561,0.15173419136373234,0.1827730620391744,0.1353047888384402,0.6758396877269426
0.7717890454793577,0.5725677423747514,0.6748527709695518,0.1912526029077177,0.19496031022404103,0.16894000326904482,0.6730698529411764
0.49353851783768515,0.2802045036764655,0.6508744383170413,0.1776014698668877,0.15154429854842028,0.1281389220108497,0.47487248661038495
0.8948691108388392,0.7722698801743645,0.8321167790033459,0.10523184716955761,0.13170666534801403,0.11467209112556451,0.8330852566721134
0.8444142327070396,0.7211184300109604,0.7930172589870079,0.1419814870854974,0.16767342659373527,0.14403220777024228,0.786183307234931
0.6917002825436155,0.42456682325708667,0.7146837554467201,0.19838109168461548,0.23153553349163802,0.14517741506947293,0.6103169537490922
0.7297721779684693,0.5259718818082847,0.6200682529956816,0.18586717641371608,0.2171283097303815,0.18933404878787335,0.6252707709241103
0.7450861247277246,0.5522769437636159,0.6421598413671303,0.1804047087967533,0.20835798825201188,0.18104053702567466,0.6465076366194625
0.6569627416939122,0.527010995370373,0.6337520424836763,0.2782222631065087,0.3035217364909053,0.25857552392265964,0.6059085931826433
0.7153845826525823,0.49085307734204275,0.6196495438453486,0.17676611065363182,0.18766052357221227,0.16225813615874154,0.6086290679466231
0.8315453090959509,0.5997855392157293,0.810606021922757,0.09087233711497991,0.10545705649126609,0.0825431148158615,0.7473122900780682
0.6584082244009225,0.45624659586057326,0.7332392939815646,0.1437669566574498,0.14418663090968242,0.12022174515418685,0.6159647047476399
0.5637833605664563,0.3819048713235291,0.679980681508773,0.21992347939065654,0.19445565069095633,0.16344694210197966,0.5418896377995642
0.6107119757625401,0.4655918096405164,0.583302696078448,0.24027777730604502,0.24814881570194217,0.21539490555803267,0.5532021604938272
0.6804398148148532,0.39956427015251605,0.7329801538671665,0.1640765384461702,0.15371256120747215,0.12287532300452911,0.6043280796114743
0.7722822201797991,0.5780726613562265,0.6783952035675881,0.17165086314426672,0.19925352964789642,0.17431161165630799,0.6762500283678287
0.8418564474401348,0.7814342490468831,0.8683785232843805,0.18412015336313403,0.24025963092958175,0.13608023046680628,0.8305564065904139
0.800326371868259,0.6955729166667214,0.7631352975218557,0.17278979683018983,0.19611842107943472,0.17010378180242108,0.7530115286855483
0.8312002144608336,0.6993770424836973,0.7695780569172626,0.17159725485833446,0.2182399953177606,0.17891729926485953,0.7667184379538853
0.7853217762800182,0.5814763752723292,0.6804653458606035,0.16814957109161044,0.1830158159736908,0.16602912748278967,0.6824211658042847
0.4438644641884563,0.21843894675925618,0.5729426232298611,0.19574620413516286,0.17060382811089667,0.15564027924270712,0.4117486780591866
0.8373012833606424,0.7095915883715213,0.7846009497549833,0.12753391432190206,0.1539275419179668,0.13016853045058174,0.7771646071623094
0.8484587758715058,0.7716575605937109,0.8197742204521197,0.18631607826331956,0.2448827171022808,0.19534852063866096,0.8132968523057371
0.7367978962418911,0.5513565495642533,0.7555147058824402,0.17744859578512928,0.2187468578960793,0.13473608785470734,0.6812230505628177
0.9494710818355296,0.938414436955349,0.939576525054478,0.040028362184098956,0.08833746569684635,0.07554300777394962,0.9424873479484388
0.6991591775599715,0.4726468886165665,0.6145016339869591,0.1693436804815539,0.1717309002476202,0.1527925604937911,0.5954359000544663
0.7666415611384247,0.5905884055010828,0.7844788262528224,0.1727747038950393,0.2532141050659919,0.14712556165914029,0.7139029309640524
0.6222622208605881,0.35585214120370673,0.6901365059913506,0.17727212454406308,0.17364716538840103,0.13938032932795794,0.5560836226851852
0.6420296330338043,0.39486613221677747,0.5420887799564134,0.17519609919229218,0.16954530893481265,0.15240195302247095,0.5263281817356572
0.5865332244009132,0.32398216230938637,0.6572559232026772,0.19375785838108936,0.1603080623512973,0.13470244843539336,0.522590436637618
0.7496625646787284,0.5240604575163353,0.7960554534314609,0.1574045953685569,0.18751139573355477,0.12837595681844213,0.6899261585421206
0.7922909007353556,0.6352358217592728,0.7230507046569111,0.18060541962114085,0.2240759328021641,0.1937582148514405,0.7168591423838053
0.48000195738017887,0.29334150326796776,0.6342145799292268,0.20714375372603153,0.1934754072319672,0.1612521206488462,0.46918601352578065
0.855523641748419,0.7617549189815417,0.8156522331155309,0.14924274443519192,0.17771563093258655,0.15179159942021225,0.810976931281772
0.5593609579248517,0.40406326593137565,0.5190831801470716,0.2778858369243122,0.32831125296991714,0.26694113758730115,0.4941691346677559
0.7823167721950766,0.5518024918300659,0.6594171262255357,0.13479171077616803,0.16999798000412392,0.1451597252264424,0.664512130083515
0.8024011948530104,0.6151339528867357,0.8289224196623843,0.1595280827297894,0.19348001365217737,0.13560286676337355,0.7488191891339868
0.7592073461329243,0.6269944001906521,0.7118510859205069,0.23218035658138877,0.2711996423384231,0.2235723532797157,0.6993509440813362
0.4994966128812606,0.28989991830065015,0.5997097971133024,0.23184919344087462,0.21065649876905443,0.18223893792979232,0.463035442765069
0.94976171023965,0.9146322678377072,0.9254408360566573,0.07630399642447265,0.12251486624098647,0.09627357643368097,0.9299449380446624
0.6572925177015623,0.3753970077614463,0.7327512254902745,0.17452126532122544,0.17200760007349114,0.13739913092005077,0.5884802503177197
0.8815474366830705,0.7358413330610536,0.865197780501143,0.10427170286577253,0.22861259866842765,0.13174697250560635,0.8275288500816994
0.6663424223856794,0.40310244757626656,0.5398207720588151,0.1436443719032316,0.14190280967848623,0.12367012109024228,0.5364218806735658
0.6080712145969777,0.35886140046295567,0.687254050925987,0.21083599024856323,0.19643441584120422,0.1418337773106236,0.551395555328613
0.5505676402505322,0.3209465209694845,0.44983277165033136,0.22233686423840157,0.2012415527497643,0.1875775615865327,0.44044897762345675
0.45857460171567993,0.29655543641067,0.439397807734207,0.2041592038483499,0.18185590753856243,0.15357784443859515,0.3981759486201888
0.749378319035984,0.6164322065631952,0.7084124795751998,0.2112659554060697,0.2429629689819632,0.20429898778768493,0.6914076683914308
0.6543394267429605,0.45573767701525697,0.7184185219227276,0.1962880414044884,0.18338935407224774,0.15195674508958562,0.6094985418936092
0.7009284790305385,0.5107472937091434,0.62663441244556,0.2318830732705493,0.2387392660038753,0.20885356285548068,0.6127700617283951
0.6903164998638538,0.5290462452341962,0.6337388514433653,0.2311625521393986,0.2653968244501358,0.22177876148161607,0.6177005321804647
0.6373514944172378,0.45355349605119255,0.7245587384259881,0.21503829963320178,0.19118746526010189,0.15542056360853748,0.6051545762981119
0.6868898080065914,0.5283526518246271,0.7563219124456129,0.16770062624970575,0.1775099072938838,0.1409218507808841,0.6571881240922295
0.6729468784041702,0.427699908088244,0.7166492204521306,0.19822694058632923,0.2099937590891076,0.15689406174404472,0.6057653356481482
0.7022854541122212,0.5830231311274583,0.6776382080610238,0.25060103535261374,0.2793149116043277,0.2366019595458507,0.6543155977668846
0.7749000034041956,0.6159415849673375,0.6955593001089787,0.20548888297009993,0.2689275897092329,0.21825490885661825,0.6954669628267974
0.5687963813997962,0.33693065767973984,0.6649386403867672,0.19279505994278875,0.17042899297595712,0.1417846524404057,0.5235552264887436
0.6788666768791088,0.45342754289215415,0.5744174666394423,0.21321935058411762,0.21919266328315062,0.19703666527571764,0.5689038954702251
0.5817499829793209,0.35400752314814954,0.6852996493736893,0.19737085179423666,0.19030645533424637,0.14430290006914095,0.5403523851670298
0.7666585818355489,0.6364876940359733,0.7150607638889261,0.22851965842995664,0.2604892000250991,0.23265150039891674,0.7060690132534496
0.7589277811819904,0.5065231821895476,0.7633846507353792,0.155949583507818,0.1859547474673762,0.13254706726055662,0.6762785380355846
0.5285369008714622,0.362117885348574,0.48786977464596504,0.262048578710949,0.2608511409923348,0.23788285886580696,0.4595081869553377
0.5675070635893219,0.3546372889433498,0.48861443014705025,0.23841062947454097,0.2301189830041847,0.20431041483322746,0.4702529275599128
0.7238238698257686,0.4673274952342131,0.750717422385703,0.146619737783789,0.1629279437338727,0.11832538197931376,0.6472895958151779
0.6763084660948023,0.5325925074891121,0.6533496732026447,0.19557426096899372,0.20574945177922083,0.18258183570690623,0.6207502155954975
0.5242332175925957,0.3406896786492312,0.6619502314815171,0.22860722127809235,0.2054391107179925,0.1722882868684079,0.5089577092411038
0.5508340141612291,0.3932398046023899,0.5362030228758241,0.230763022409812,0.23525193869878042,0.20670527572896458,0.4934256138798112
0.6547160096677597,0.5618451286764762,0.7467379833878272,0.2942068511424358,0.33234794193423267,0.22000789184929878,0.6544330405773421
0.9232864413126729,0.8672338813998679,0.888957822712494,0.07404080315451406,0.08811173374754148,0.07282360450104439,0.893159381808279
0.6700810185185587,0.48093724468954974,0.7285828567538838,0.20118310948949933,0.27248392892716716,0.15136370157167744,0.6265337066539579
0.5236408973311518,0.36474417892156086,0.4975494451252715,0.26624548652864877,0.2683623101154178,0.24586403739807391,0.4619781737926653
0.625434453295209,0.48807061887254544,0.6144182325708111,0.25981568850626846,0.2650051002063639,0.23126610339985462,0.575974434912854
0.4152160777505384,0.28572431576796276,0.4132893348311479,0.26681979180130183,0.267188140248414,0.25045760481869067,0.37140990944989105
0.6456737642974144,0.49200282543573554,0.7325525088508283,0.22528063817824867,0.23629895118189753,0.16734796248718994,0.6234096995279593
0.9247493702342412,0.9039879493464689,0.9313325503812993,0.041842551900385064,0.05238583751237953,0.04091638835647412,0.9200232899872913
0.8162926368464919,0.7035117953432013,0.8191742408769898,0.10841733112739205,0.17743707823559893,0.10273596436141462,0.7796595576888163
0.6344149986383792,0.4617506638072033,0.7177040781591056,0.22547709291984175,0.24984392282201218,0.16303995573002153,0.6046232468681917
0.692585784313785,0.5233694172113376,0.757687823393327,0.15314583207973523,0.1823224874153908,0.12422240573613212,0.6578810083061002
0.7122076695261798,0.5215256501906403,0.635549428104603,0.22448115088263354,0.24617948336578524,0.21917214815913447,0.6230942492737837
0.6090907543573275,0.4024773624727891,0.6995089528867835,0.15143117224217365,0.16814348784959404,0.11138722046031375,0.5703590232389252
0.5672215413943417,0.3467945772058741,0.4742651313997833,0.24356181654014294,0.23246229373072794,0.21684751552106327,0.4627604166666667
0.6902888412310114,0.4305964052287916,0.73926164215695,0.09700116678737115,0.10383862385671197,0.0746258879753951,0.6200489628721859
0.667198137935772,0.4333763105936801,0.561317487064276,0.19017956469494615,0.1861055381007858,0.16582526545300885,0.5539639785312273
0.9102609272876331,0.8900901245915852,0.9148484306917791,0.01979590673079287,0.02472226381639631,0.019726092019467505,0.9050664941902689
0.6727239072712945,0.4385740059912901,0.5779892599400952,0.18128373292260166,0.1883745076150113,0.16441261637021198,0.5630957244008714
0.9112672760076731,0.8606898488562923,0.8836788534859145,0.101344505094573,0.12956155461956595,0.10989268552956201,0.8852119927832244
0.44339511846407353,0.1848251974400846,0.5479902811819224,0.15867322517209706,0.14173484629690325,0.12309880804150931,0.3920701990286855
0.6833078022876221,0.38128446691177853,0.7069406147876401,0.18529625021725885,0.1943675780169887,0.12991647487853836,0.5905109613289761
0.5543058108660132,0.41946018858932,0.5578818593409591,0.2698933395752853,0.2773561653277726,0.24260550620152185,0.5105492862654322
0.8095401007625914,0.643944461465183,0.8395769505719622,0.15376472641663766,0.19525641506863198,0.12929840355538827,0.7643538375998548
0.8682657611656533,0.8220392497277412,0.8721988187636899,0.08549560040577514,0.15031344999710566,0.08709225535376545,0.8541679432189545
0.7932100183824004,0.6455941925381622,0.7336435355392652,0.1868488983780154,0.21761718805211955,0.1840662492292948,0.7241492488198984
0.8527565019063923,0.58540773080068,0.8088537411493101,0.11788963424859195,0.18679659022909845,0.12520256874024305,0.749005991285403
0.5852273114106862,0.40404794730390825,0.5408756297658028,0.2647258740629262,0.26511975252087133,0.23686160452158264,0.5100502961601308
0.5890561172385872,0.4276377825435741,0.714683755446691,0.1846026663557162,0.17815741934516002,0.14493351051264333,0.5771258850762527
0.5630310457516474,0.2987894029139427,0.6523471541394753,0.20449833151934166,0.17572848448230116,0.14951739629867478,0.5047225342683369
0.8246689474401667,0.7239008884804485,0.8249770220589092,0.15102182094231154,0.19647295423261965,0.14123163632171515,0.7911822859931009
0.8066444546569337,0.618765744144913,0.7160211567266416,0.15731358156168992,0.1732997498182075,0.15777540357446684,0.7138104518427743
0.8717822372005006,0.7587077886711158,0.8083171636711106,0.12356884793536009,0.15829754879215474,0.13447014619850017,0.8129357298474947
0.7785858353759099,0.49024501293573536,0.752602890114481,0.1552842054725106,0.24636918320961412,0.15331814814375902,0.6738112461419753
0.532139756944451,0.2886995336328975,0.6324214494826219,0.1937644698067945,0.1647895201044081,0.13805208364861363,0.48442024668663763
0.8709754561547555,0.7630765761166499,0.8205397263072882,0.15505329643838747,0.19802610490667458,0.1597806944075689,0.8181972528594771
0.7088379970043803,0.5385620915032747,0.6380523216231091,0.24944940782892985,0.28277185963537577,0.2450309376320031,0.6284841367102397
0.6990668402778093,0.5466984102668949,0.6467754289216008,0.2166915268686712,0.2368864981925776,0.20383685617007227,0.6308468931554103
0.3628842422385658,0.20193014705882414,0.5803874761710401,0.1660046202882915,0.12843235635129122,0.12882535599468992,0.3817339551561365
0.6140459048202924,0.3218362779139587,0.6974626395697864,0.12125097186921473,0.10496286821241335,0.09278276279445428,0.5444482741013071
0.7940240332244823,0.7216562840414483,0.8215588405501939,0.13698664132105995,0.18148311946516854,0.11649049059685511,0.7790797192719681
0.7588167211329349,0.6665100762527412,0.7360264331427396,0.23599444152941254,0.2935429584988696,0.2221845705758077,0.7204510768427741
0.6071150769335658,0.47986919594226163,0.6044760178377108,0.24039752368008357,0.2536143468323454,0.21513402255208874,0.5638200969045025
0.5889084626906494,0.3586835341775711,0.6778688385076902,0.14776048135689623,0.13934000325040838,0.11731962397182841,0.5418202784586057
0.5523663024237464,0.33033939270151874,0.6549253642429589,0.20242625540486647,0.18486968258993605,0.1552545809262351,0.512543686456064
0.7270718443627926,0.6040547555828015,0.6944644437636599,0.19772701839018764,0.21482937656651707,0.185999202292502,0.6751970145697167
0.8531054261983164,0.762678291802902,0.8161585988562802,0.15618854163663676,0.18537116002456885,0.1574531050430131,0.8106474389524329
0.7660905160675937,0.5870319308279055,0.8104392190904804,0.19082203765901776,0.22303486211080142,0.15893142779254013,0.7211872219952796
0.7701516544118159,0.6442078567538368,0.7277782032952553,0.20000941863715793,0.235389772688616,0.19976612834356555,0.7140459048202615
0.723150701252798,0.5302219498910657,0.805204503676565,0.14461920935243566,0.14199763967650325,0.10723703408826457,0.6861923849400872
0.8606124046841168,0.7338043811274573,0.7913598686002218,0.16786047942501314,0.2622571990457891,0.20455692519544566,0.7952588848039217
0.7266846235022213,0.5666343273420513,0.6632540168845651,0.2409962400194764,0.27450210004308867,0.2330554973796724,0.6521909892429193
0.8608928206700148,0.8179491761983547,0.8592116013072695,0.0527307883408742,0.07517180461540351,0.054819801040068415,0.8460178660584605
0.879812602124253,0.8925159994553967,0.9062665951797868,0.11299731954985263,0.10806517350672985,0.08836008599249337,0.8928650655864199
0.5882616761982813,0.44582609953703106,0.5721047794117888,0.24118244707218506,0.25091747532069764,0.22197958136811882,0.5353975183823529
0.6416862404684485,0.42849179602397097,0.71375612745106,0.18641692876435917,0.1844535988978472,0.14346490974141066,0.5946447213144517
0.82237157883995,0.5204252621187275,0.7774182155502053,0.13557497371232896,0.18068770294619577,0.13483641701240695,0.7067383521695716
0.5605545343137385,0.39704946214595555,0.5317423236655898,0.2298252509083956,0.23324177887549602,0.20765130921209993,0.4964487733750908
0.541263701661216,0.3831014263344309,0.68046577137806,0.1858864028534307,0.16169276078205838,0.1336888968828157,0.5349436331245462
0.6974354064543012,0.45061529820261026,0.5873063895697279,0.1655006676839134,0.16005741307336988,0.14426546554448683,0.5784523647421932
0.7257008272059206,0.5293138956971704,0.6340030977668945,0.1887415924728072,0.22117088333795043,0.18973606497807072,0.6296726068899782
0.7375204248366389,0.5798206869553517,0.6769590822440383,0.22256511651875557,0.26524411363512296,0.21895576116389756,0.6647667313453159
0.9583792892156807,0.9372174564270246,0.9447929432189613,0.06778936170761152,0.09230078493188074,0.07574993620593501,0.9467965629538853
0.6326427185457855,0.378984970724408,0.7013348481754458,0.18218035647358605,0.16957375080141326,0.13975493042746356,0.5709875124818447
0.619049564270182,0.4206388718682106,0.7136178342865684,0.15052531572610656,0.1480294423466825,0.11808821702692207,0.5844354234749455
0.6990898182190105,0.4606072984749445,0.7230992136438666,0.1823234158649016,0.1478055164015053,0.12733633431876507,0.6275987767792301
0.5971073325163649,0.42683057598040913,0.7188576559096643,0.15732615961328866,0.15031204049303115,0.12256649345792803,0.5809318548021061
0.7347145629085428,0.5739621629902268,0.6730741081155167,0.21499116921568345,0.23457084716981091,0.21403383727485736,0.6605836113380539
0.6096260552832491,0.4442542381535943,0.7260306032135778,0.20642555720087286,0.20906107403331006,0.15464368254865438,0.5933036322167756
0.8549011097495212,0.6952499489379395,0.8500297862201183,0.14540118546869626,0.23030710529334372,0.14195778349263893,0.8000602816358025
0.5237715311819229,0.3145671636710201,0.4534620098039234,0.22851980048999113,0.20941230858783205,0.19520163028626764,0.4306002348856209
0.616258595452099,0.3934623502178811,0.6866821555011584,0.1903351704911459,0.19240944829235204,0.14650723998938273,0.5654677003903413
0.7189895663126671,0.5204371766067467,0.6208946078431481,0.21118020325246098,0.23683291214173396,0.20959532128594427,0.6201071169208424
0.6235736655773467,0.44027309708604856,0.7114762050654101,0.20676068780626555,0.19728290758574843,0.15871837667360833,0.5917743225762527
0.6963788466776215,0.48519497208605156,0.7457788671024793,0.16285187258464168,0.15805430958528466,0.12450553005986462,0.642450895288671
0.8792713439543073,0.7478783700981135,0.8020420581427761,0.12285402664686462,0.1793397866486726,0.15048940903023494,0.8097305907316631
0.8439440359477841,0.6887969771242612,0.7690780739379918,0.11610767753709363,0.14743927128045656,0.12519176168105114,0.767273029003268
0.6548891952614585,0.4656190427559903,0.7270829078159512,0.2321943141074653,0.24116319370271402,0.18281908224413326,0.6158637152777777
0.5891224979575488,0.4261735770697146,0.5716886233660431,0.20791691248005129,0.2088303620909822,0.18541743780993727,0.5289948994644154
0.6738319546568925,0.5423674938725829,0.7560653254357764,0.18958479729450095,0.23418040237292104,0.13734972881377625,0.657421591321714
0.5717507489106946,0.35760825163399634,0.6759046500545307,0.1679678365525725,0.16116947982457683,0.13505381412070505,0.5350878835330428
0.5714754391340043,0.2984272875817055,0.6573742170479898,0.19445972083216592,0.14430321384401398,0.1286014229533219,0.5090923145878722
0.7294104881536306,0.5991523692810735,0.6885765590959023,0.24384444186343404,0.27697767025103665,0.23845744795067667,0.672379805510167
0.6189512697440348,0.3943291292211348,0.7056853383715224,0.20525676178932792,0.19411049134765337,0.154103028810402,0.5729885791122004
0.6264459082244276,0.3826014433551249,0.7008893314270801,0.19327404869470519,0.17685908821937665,0.14750534759690825,0.5699788943355121
0.6095005276416295,0.45174760008169934,0.5763374012799652,0.19627785864612077,0.19557785309565462,0.17176679134073183,0.5458618430010893
0.9348086022603509,0.8829724945534049,0.8986332380174562,0.08120291102766153,0.16022381233075586,0.12341478321639271,0.9054714449437183
0.9110962180011276,0.8674160028595194,0.8826899509804473,0.1124137005212145,0.17231863431308567,0.1347308795077442,0.8870673906136529
0.703530518110078,0.4021118430011017,0.7221707346133706,0.1993270105650367,0.18391770611080788,0.1449225148970746,0.6092710319081336
0.6854851749728073,0.4774318321078332,0.5898982162309578,0.22149039986596827,0.23208426200211496,0.21554094163920512,0.5842717411038489
0.9389612268518728,0.9032475490196727,0.9441163705065525,0.02829633001182822,0.04815741188814904,0.03033850801521244,0.9287750487926653
0.561880872140532,0.2897365196078427,0.6492047079249,0.16577655233280786,0.1505641233550455,0.11465874910727619,0.5002740332244009
0.7243915100763223,0.44760518790851767,0.7500199993192657,0.1345561982497585,0.1551873606938794,0.10117209178973277,0.6406722324346406
0.4050883374183015,0.244395935457509,0.3909220111655835,0.2091870650736799,0.19886668390313086,0.18411664266040628,0.34680209468046486
0.700736145152555,0.4809070329520702,0.5991706665305245,0.20287496276090108,0.21099643978209856,0.19302141386747929,0.5936046148783588
0.5437010654956558,0.3525437431917174,0.4780684061819182,0.25547287481736725,0.2519499866796407,0.2310319061315964,0.458104404956427
0.8057589528867742,0.7337873604303224,0.8314729711329844,0.1666897875527204,0.2180857945608397,0.12877622155892252,0.790339761483297
0.734964767156892,0.553230528322445,0.6513659109477347,0.23238425498066378,0.27532230578313716,0.24329333858675148,0.6465204021423384
0.5343486179193987,0.37381706154683964,0.661740025871501,0.2244307599755808,0.2167031557182454,0.16810146611925986,0.5233019017792302
0.5866732196350889,0.4028786254084957,0.6865264161220636,0.2223511418918796,0.20494763938759958,0.17354098916550129,0.5586927537218591
